family,nanos
poly,1.9643542597147154
poly-shift-triple,1.9805824253175004
preproc-poly,0.8078564808035358
siphash,0.5794188331192257
