family,nanos
poly,1.9606116917716128
poly-shift-triple,1.9779653948620837
preproc-poly,0.8006825677600575
siphash,0.537212340084933
